{"initial_reset_timestamp": 1647483456.3027892, "timestamps": [1647483478.2068677, 1647483505.5783277, 1647483547.1733532, 1647483589.3621497, 1647483632.0260613], "episode_lengths": [49, 65, 100, 100, 100], "episode_rewards": [1200.0, 2500.0, 4700.0, 5250.0, -4000.0], "episode_types": ["t", "t", "t", "t", "t"]}